{
  "hash": "6b9402fd",
  "configHash": "9b5e4996",
  "lockfileHash": "8edb6df7",
  "browserHash": "bf10693a",
  "optimized": {
    "@angular/common": {
      "src": "../../../../../../node_modules/@angular/common/fesm2022/common.mjs",
      "file": "@angular_common.js",
      "fileHash": "3f297955",
      "needsInterop": false
    },
    "@angular/common/http": {
      "src": "../../../../../../node_modules/@angular/common/fesm2022/http.mjs",
      "file": "@angular_common_http.js",
      "fileHash": "69fa9f42",
      "needsInterop": false
    },
    "@angular/core": {
      "src": "../../../../../../node_modules/@angular/core/fesm2022/core.mjs",
      "file": "@angular_core.js",
      "fileHash": "0b2bbcae",
      "needsInterop": false
    },
    "@angular/forms": {
      "src": "../../../../../../node_modules/@angular/forms/fesm2022/forms.mjs",
      "file": "@angular_forms.js",
      "fileHash": "f6a1ddee",
      "needsInterop": false
    },
    "@angular/platform-browser": {
      "src": "../../../../../../node_modules/@angular/platform-browser/fesm2022/platform-browser.mjs",
      "file": "@angular_platform-browser.js",
      "fileHash": "52c48535",
      "needsInterop": false
    },
    "@angular/router": {
      "src": "../../../../../../node_modules/@angular/router/fesm2022/router.mjs",
      "file": "@angular_router.js",
      "fileHash": "1c3f6760",
      "needsInterop": false
    }
  },
  "chunks": {
    "chunk-645HNH4J": {
      "file": "chunk-645HNH4J.js"
    },
    "chunk-3EKXQHHC": {
      "file": "chunk-3EKXQHHC.js"
    },
    "chunk-H5FHZ246": {
      "file": "chunk-H5FHZ246.js"
    },
    "chunk-FEKN3U2S": {
      "file": "chunk-FEKN3U2S.js"
    }
  }
}